smi,r,is_valid
CCCCC=CC=C(OC=O)OC=CO,0.0,False
COC(=O)C1=C2CCCCC(C)CC1=C1CCCC1C2,0.0,False
[C]C12C3=CC4OC=C5CC5=C5C=C5OC(=O)OC41C=C32,0.0,False
CC(O)=C1CCC=C2CC2=C2C=C2C(=O)O1,0.0,False
CC(=O)C=CC=CC(=O)O,0.8140595,True
CC=C=C(C=C1C=C(C)O1)C(=O)OC,0.0,False
CCOC1OC(CC)=C1N,0.0,False
COC(C)(O)CCO,0.0,False
C1=C2C=C3OC(=CC=C4CC(C5CC5=C1)C31C=C4C1)O2,0.0,False
CCOC(COC(=O)CCO)C1C2=C(O)OC1C(C)C2,0.0,False
CCC(=O)COCCC(C)C(O)(CC)CC=CC(C)=O,0.0,False
CCC(C)OC(=O)COC(C)=O,0.65023935,True
CCCC1=C(CC2C3=C4CC56C=C(OOC4C5)C2=C36)C1,0.0,False
CCCC(=O)CC(=O)OC,0.63063663,True
CCC1=CC(=O)CC1,0.0,False
CCOC(C)C=O,0.77038866,True
CCC(OCC=O)N1[C]2CCC1OCCCCOC2=O,0.0,False
COC1CCC(C)C1(C)CC=O,0.0,False
CCCCCC(=O)OCS,0.5646167,True
COC=CCOC(=O)OC(C)=O,0.0,False
CCC(CO)OCC(C)OCO,0.0,False
CCOC(C)(CCCC(=O)O)N(C)CCC=O,0.0,False
CC=C(CCC(C)=O)OC,0.70776415,True
CC(C)C=CC=O,0.0,False
CCOC(C)(O)CC,0.6743538,True
CC1CC[SH](O)CC(C)C1,0.0,False
CC1=C(C)C2CCCC(C)(C1)O2,0.0,False
CC=C(CC)C(=O)CC,0.72359234,True
CC1C2C=C3C4C(=O)CCC5OC5C(CC=C42)C(=O)C31,0.0,False
CCC(=O)C(=CCO)C(C)(C)O,0.0,False
CCC=COC(C)(O)C(C)CCCC,0.62808627,True
O=C1CC23CC(O)=C(C(=O)C45CC24CC5O)C3O1,0.0,False
CC(=O)OC=C(OO)OC(C)C,0.0,False
CC(C)(C=O)CO,0.6397423,True
CC=C(C)C(=O)CSC(C)C,0.62602234,True
CCC(O)S,0.0,False
CC(=O)c1oc2c(C)c1OCCOC(C)(C(C)(C)O)O2,0.0,False
C=C(C)OCCO,0.74331295,True
O=CC=CC(=O)[SH]=O,0.0,False
CC=C(C(=O)CC)C(=O)C(=O)CC(C)C,0.0,False
COC(=O)CCCCCC(C)C,0.59264594,True
CCCOCCC(=O)CC,0.69480926,True
CC(C)CCC(C)(C)O,0.6640746,True
CC=C(CO)OC(O)CC(C)=O,0.0,False
C=C(OC)OC=CC,0.60952014,True
CCOC(O)=C(C)OC,0.6882478,True
CCCCC(O)CC(OC)C(C)=O,0.7477656,True
CCC(C)C(=O)OC(C)C=O,0.6536714,True
C=CC1C2=CC(=O)C(C)CC(C)=CCC1CO2,0.0,False
COC(C)=CC(=O)C(=O)O,0.0,False
CCC(C)OCOC(=O)CO,0.0,False
CCC1COC1,0.0,False
CCCOCC(=O)CC,0.760746,True
CC1OC(C2CCC(C)(C)C2)=C1c1c2ccc3c1C3O2,0.0,False
C=CC(=O)OC(SC)C1CO1,0.0,False
C=C1CC2CC1[C-](C)C2OC(C)=O,0.0,False
CC1OC2(O)[C-]3C2C2C4C5(COCC(=O)O5)OCC3C124,0.0,False
O=O,0.0,False
C=C(O)C=C(C)C(O)=CC=O,0.0,False
CC(C)(O)O,0.0,False
CCOC(C)(C)C(CSC)C(=O)O,0.5700213,True
C=C(O)C(=O)OO,0.0,False
CCC(COC)C(C)C,0.6405738,True
[Na]C1C=C2C3=CC=C4CC(O4)(O1)C1=C3C=C21,0.0,False
CC(C=O)=C(O)c1cc(=O)c1=O,0.0,False
CC1=C=CC=C1OC(=O)C1(C)CO1,0.0,False
C=C1OC(C)(C23OOC24C(=O)CCCC3CC4=O)C1=O,0.0,False
CCCCCOC=C(O)OC(=O)CO,0.0,False
C=CC=C(C=CC)OC(O)(OC)OC=O,0.0,False
CC(OC1=CC1=C(C=O)CC1CCC1C=O)C(C)(C)C,0.0,False
CCOC(C)(C)C,0.6452675,True
CCC(C)C(=O)C=C=O,0.78395617,True
CCCCC(C)O,0.7086123,True
COCC1=COC2CCC=C(C=COCCC1)O2,0.0,False
CC=C1CC2OC34OC5C(=C6C(=O)C62OC15)C3(OC)O4,0.0,False
CC=CC=C(C)C=COC,0.6125972,True
C=C(O)C(=O)CCCOC,0.74503404,True
CC1=C2C=C3OC[SH]3CC=CC=C12,0.0,False
CCOCCCCCCCO,0.7242562,True
CC=CCC(C)=O,0.0,False
C=CC(O)=CC(=O)C(C)=CC,0.84231097,True
CC(O)=C1OC(C)C2(O)C3CC1OC(=O)C(=C=O)OC32,0.0,False
COCC(C)C(C)=O,0.6722805,True
CCCCCC(OC(C)CC)C(C)O,0.74881667,True
CC(=CC=CC=O)C(=O)O,0.80443734,True
O=C(O)CO,0.0,False
C=C(C)C(=C=O)CC,0.7982219,True
C=CCN(C=O)CCC,0.63223946,True
CC[SH]=C(C)COC(C)=O,0.6308525,True
C=C1COCC(C)C1=O,0.0,False
C=C[SH](OCOC)C(C)C,0.6182674,True
CCC(CC)OCOCO,0.6623628,True
CCCOC,0.0,False
CC=C1CCOOC(=O)OC(COC)C(C)CCCO1,0.0,False
CCC1(OC(OC=C(O)OC)=C2OCCO2)CC(C)O1,0.0,False
CCC[SH](F)C=O,0.52777606,True
CCC(C)C(OC(=O)C(=O)O)=C(C)C=O,0.0,False
C=CC(C)=CCOOC,0.0,False
CC1=COC(C)OC=C1,0.0,False
C=CCC(=O)CC,0.0,False
COC(=O)COC(C)(C)C(C)C,0.6521647,True
CCOC(CC)(OO)OC(C)=O,0.0,False
C=CN=C(C)C(C)OC,0.689907,True
CCOCC(=O)CC(C)OCC,0.7529832,True
CCCCC(C)=O,0.680451,True
CCC(O)C(C)OC(=CC=CC(C)O)C(C)=O,0.0,False
COC1=C(C)CC(OC(C)C)C(CO)CC1,0.0,False
C=CC=C(O)OC(O)CC,0.0,False
C=C(C=O)OC(CSCCC)OC(C)=O,0.0,False
C=C(O)C(C)COOCC,0.0,False
C=C1CC(CCO)(OCC)OC1=C,0.0,False
COC1=CC1=C1C=C(CO)O1,0.0,False
CCCOOCO,0.0,False
CCCC(C)C(C)OC(=O)C=O,0.0,False
CCOCCCC(O)OCC,0.7064124,True
CCOCC=O,0.0,False
O=C[SH]=C1CC1,0.0,False
CCC(=O)CC(C)C,0.659283,True
C=C(C)C(=O)CCCO,0.7795882,True
CCCC=CC1(O)C(CC)OC1CC(C)C,0.0,False
CC=CC(C)CCO,0.6598707,True
C=C(C(C)=O)C1(C)C=CCO1,0.0,False
[CH2-]C(C)C(C)OC(=O)OC,0.6365004,True
CCC=C(C)C=CCOC=O,0.57941383,True
CC(O)CC(C)C=C1C(=O)CC2=CCC(C2)CC1(C)O,0.0,False
C=C1C=C(O)C(OC)(C(=O)C(O)=CS)OOC1,0.0,False
CC1C2=C3C=CC=C3C3=CC4OC4COOCC1(C2)O3,0.0,False
CCCCCOC1COCCCC(C(C)CC)OC1,0.0,False
CCC(C)OC=CCC=CCC(=O)OC1CCCC1O,0.0,False
CC=COOC(O)C(C)C,0.0,False
CC=CC=COC(C)OC,0.5876257,True
COCC(OCC(O)OC(C)(C)C)C(C)C,0.0,False
C=CCCC(=O)OCC,0.6017437,True
CCCCN=CCC(=O)COCC,0.7119509,True
CCCC1=CC(=O)OCOC=CO1,0.0,False
COC(C)OCCCCO,0.6973952,True
CCC=CCCC,0.0,False
CCC(C=O)C(C)(C(C)=O)C(C)(C=O)CC1(C)CC1O,0.0,False
C=CC=C(C)C(=O)CC,0.7478896,True
O=CC1CC=CCCCO1,0.0,False
CCCOC(=O)C(O)=C(COCC)OOC,0.0,False
C1=C2C3=C4OCC5C6=C7C=C1[SH](CC1CC(=C41)C26)C735,0.0,False
CC=C(CC(C)=O)C1CO1,0.0,False
OCOC1CCO1,0.0,False
CC1CCCCO1,0.0,False
C=CC=CC=CC=C(C)O,0.6031582,True
Cc1c2on1-2,0.0,False
COC1(O)CC(C)CC1(C)O,0.0,False
CCC(=CCO)CC,0.685373,True
CC(=O)CCOC(=O)CCO,0.0,False
C=CC=CCC(CCCCC)CC(C)=O,0.5860004,True
CCOC(OC)OC(=O)C(O)C(C)CC(C)CO,0.0,False
CCCC=C(C=O)COC(=O)O,0.0,False
C=CC=CC(OC)(C(C)=O)C(=O)OS,0.0,False
CCCC(C)C(C)CCC(C)C(C)CC(C)=O,0.0,False
CCCC(C)=CC(=C(C)O)C(C)C(=O)O,0.73245496,True
CC=C(C=C(O)CC)OC,0.7468908,True
CCCCOC(C)=C(C)CCC,0.6667564,True
CCC1OCC1=C1OC2=CCC3=C2C([O-])OC1CO3,0.0,False
CCCCCC=O,0.6352656,True
CCOC(C)(O)CC,0.6743538,True
CCCCCC(C=CC(C)=O)CC(C)C,0.6397672,True
CC(C)CCC(C)CC(C)OC(=O)CO,0.67388517,True
CC1CC2C(=O)CC3=C1CCCC(=C=CC2=C1CC1)O3,0.0,False
CCC(C)C(C)OC(C)(C)OC(C)C,0.67163986,True
CC(=O)C=CCCOO,0.0,False
CCOC(C=O)C(=O)OC,0.0,False
CCN1C=CCC(=O)OCC(C(=O)O)=C(C)COC1C,0.0,False
CCCCOC=C(C)O,0.7347867,True
C=C(C(C)C)C(O)C(C)OCCC,0.7663185,True
CC(C)C1OOC2(C(=O)O)C(C(=O)O)CCC12,0.0,False
CC=C(C)C(=O)C(C)CC,0.71276283,True
C=C(CCCC)C(C)O,0.71419847,True
CCCC(C)OC(O)=C(C)O,0.0,False
C=CCC(C)(CC)C(=CC)OCC,0.63419056,True
C=C1C=CCOC2=CC=C1CC(=O)OC(C)(O)OC2=O,0.0,False
CCC(C)(CO)C(O)(O)C=O,0.0,False
CCCCC(C)CCC,0.6447652,True
C1=C2OC(OC3CCC3)=C3OC1C1=C4C5=C3C41CCC25,0.0,False
CC1CCCC=C(C(=O)O)C1C,0.0,False
CCC=C(C)C(=O)CC(=O)OCCCC,0.63234305,True
CC=C(CC(CO)C(C)CO)C(C)CO,0.0,False
CC(=O)OC(=O)O,0.0,False
CCCC=COC(=O)C=CC(=O)C(=O)CC(C)C,0.0,False
CC(=O)CCCC(C)=O,0.7352723,True
CC(=O)C1C23CC45C(=CCC2C34)COC2(CO2)OC15C,0.0,False
CCCOC1=CCC2CC(=O)CC2OC2C3=CC2C=C13,0.0,False
C=CCC(C)(C)CC,0.636908,True
CCCOC(=O)CC,0.5996017,True
CC(C=N)=CC=C(O)O,0.0,False
CCC(C)C(O)OO,0.0,False
C=C(OC(=O)O)OC(C)CC(C)CC,0.6143129,True
CC=C(OC(=O)C(=O)C=O)C(=O)CC,0.0,False
CC=C(OC(=O)O)C(C)=CCC,0.66307235,True
CCCC(O)CCCCCOCC,0.7396771,True
CCC(S)CC,0.5104998,True
CC(=CC=CCC(=O)O)C1CCC1,0.0,False
C=CC(C)=C(CCC)C(=O)O,0.7441348,True
C=CC(=O)C(C(C)C)C1(OCCC)CCCOO1,0.0,False
C=CC(OC1(C)CC1)=C(C)C(=CCC)OC=O,0.0,False
C=CCO,0.0,False
C=C(C)OC1=C(O)CC(C)C1=[SH]C,0.0,False
CCCCCC=CC=COCC,0.5362384,True
CC=CC(=O)C(C)C,0.73723114,True
C=C(C)C(C)OOC(C)=CC,0.0,False
Cc1cc2c3c4c1C(C=CCOC(=O)C4)C1CC(O2)C31,0.0,False
CCCC1(CC)CCC(O)C1,0.0,False
CCC(C)(OOC)OC(O)C(C)=O,0.0,False
CCOC(=O)CC,0.6080107,True
CCC=CCC(=O)OC(C)OC,0.5659246,True
CC(=O)CC(C)(O)C(C)O,0.0,False
CC=C(OC(=O)[Fe])OC(C)(C)C=O,0.0,False
CCCOC(C)C(C)(C)CCC,0.6471339,True
C=CCC(C)C,0.0,False
C=C(S)C=C(CO)C(C)=O,0.0,False
C=C1C=C(OC)C=C(C(C)C(C)=C=O)OC1,0.0,False
CCCOOC(=O)CCO,0.0,False
C1=C2CCOC3C4CC45CC4(O5)C5(CC5)C2CCC34O1,0.0,False
C=CC=CC=C(O)C(=C)O,0.72954714,True
CCCc1ccc(C)o1,0.96464413,True
CCCC(CC)OC,0.65763426,True
CCOC1C(C(=O)O)C1C(C)OC,0.0,False
CCC1(C)C=COC(=O)OCCCCCC1,0.0,False
CC1COCCCCC2CCC3COC2C3(C)C1,0.0,False
CC(=O)C(CCC(C)(C)O)=C(O)O,0.0,False
C=CCCC1CC(=O)C2=COC1OC(C)(OC)CO2,0.0,False
CCC=C(C)C=CC(=O)CC,0.68621045,True
COC(=O)OC1=C(C)CC(C)=C(O)C1=O,0.0,False
CC1CCC=CC1=O,0.0,False
CC=COC(C)C(O)(O)O,0.0,False
CCOCCC(C)O,0.73341113,True
CC(=O)OOC(=O)OC(=C=O)OC(C)(O)OCCC=O,0.0,False
CCOC(=COCOC)CC,0.63623536,True
C=C1CCCCOC1CO,0.0,False
CCCOCC(C)C(CC)OC(C)(O)C(=O)O,0.0,False
CC(=O)C(C)O,0.0,False
CCCC(CC(C)C)C(=O)O,0.63940793,True
CC=CCCC(C=O)OC(C)(O)OCC,0.0,False
CC(C)C(C=O)C(=O)C(=O)OC(=O)C(=O)O,0.0,False
CCOC=C(C)CC,0.6323834,True
COC1(C(C)C(C)C)OCC(C)OCCC=C1O,0.0,False
O=C1C2=CC3=CC4=C5C3C(=[SH]C1=C1OC(=CCC2)C15)O4,0.0,False
CCC=C(CC(C)=O)OC,0.6686997,True
CC=C(C)C=CC(C)=O,0.7657153,True
CC=CC(=O)COC(=O)CC,0.7106031,True
C=C1CCSC1OOC(O)CO,0.0,False
CCC=CC(=O)C(=COCO)CC,0.6880517,True
O=O,0.0,False
CCC1(C)CCCC(=O)C1,0.0,False
O=CC1OOC(O)CCOC(=O)C1=O,0.0,False
C=C(C)OC(=O)COCC,0.7133187,True
CC(CO)=C(C=O)C(C)O,0.0,False
C=C1CC=N1,0.0,False
CC1CC(O)C1COC(=O)CC1(C)CCOC1,0.0,False
CCOC(=O)CC,0.6080107,True
CCC1CCC(C)=C(CCC(O)C(C)=O)OC(=O)O1,0.0,False
CC1CC1,0.0,False
CCCC(O)(CO)OC1CCCC(=O)C1,0.0,False
CCOCCC(=O)CS,0.59221065,True
CCCC1(C(C)C(C)O)OC1(O)COC,0.0,False
CCOCCC=C(C)O,0.7871977,True
COOC1=CC(=CC(=O)OC(C)CC(=O)O)OO1,0.0,False
CC=CC(=CC)SOC(C)C,0.586686,True
C=CC1(C)CCC1(O)C1OC(C)=C1O,0.0,False
CCOC(C)C(C)=O,0.79468054,True
CC(O)OC=CN,0.0,False
C=COC(OCCC)C(=O)O,0.67543703,True
CCCSCCOCC=O,0.5428888,True
C=CC=CC(=O)C(OO)=C(C)C(=O)O,0.0,False
CC(=O)C(C)=C(O)CO,0.0,False
C=C(O)C(C)(C)C(C)(O)C(=O)O,0.0,False
CCCCCC1(O)CCCCCO1,0.0,False
CC(CC12CC1C1CC2C1)C1C2CC(CCC3CC31)C2,0.0,False
COCCCCOC(=O)C1CCCOO1,0.0,False
CCCOC(C)OC(=O)O,0.61309373,True
CCC(=O)CCCC(=O)CC,0.68757915,True
C=CC1COC(C(C)=O)=C1COC(=S)C(C)(O)OC=O,0.0,False
CC(C)(OCO)C(CO)OC(=O)O,0.0,False
CCCCOC(=O)CC1=CCC(C)(C)CCCCCO1,0.0,False
CCCOCO,0.0,False
CCCOCCCC(C)OCC,0.7325703,True
CCOC=C(C)CC,0.6323834,True
CCCCC(C)(O)C(C)=C(C)C,0.6742748,True
C=C(OO)OC1=CCC(=O)C1,0.0,False
CC1CCCC(C)(O)CCC(=O)C1,0.0,False
CCCC(=O)C=CC(=O)O,0.74336976,True
C=C1C=CC(OCCCC)C2=C1C=C1C=C(C1)O2,0.0,False
CCCCC(=O)CN(C)CC,0.7576077,True
CCCCC1COCC(=O)O1,0.0,False
CCCC(O)OC(O)CC,0.0,False
CCOC(=CCOC(C)C)C1=C(C(C)=O)C1,0.0,False
O=C1OC(OCO)C1=O,0.0,False
CC1CC(=O)CCOC(=O)C2(CC=C(C3=CCC3)O2)O1,0.0,False
C=C(O)OCC(O)C(C)O,0.0,False
C=CC=CC=C(C)OC(C)(CNCC)OC=O,0.0,False
CCCCCC(O)C(O)O,0.0,False
COC1COC2(C)CC=C3COC(C)(C3)C(C)(CO2)C1,0.0,False
CCC(C)C(O)(CO)OC,0.0,False
C=C(CS)OC(C)C,0.5900291,True
CCC(C)=C(C=O)OC(C)=O,0.7624536,True
CC12OC3=CC(CCCC(=O)C14CC2CO4)C3=O,0.0,False
CC(C)C(=O)OCC1=C2C(O)=C=CC3=C2C(=C1)CC=C3,0.0,False
C=C(CC(C)O)OCCO,0.0,False
C=C(C=O)C(C)C(C)(C)N,0.75202316,True
CCOC(=O)C(C)CC(C)(C)O,0.62488216,True
CCCCCOC1OCC(C(=O)OC)=CCC=C1CC,0.0,False
CCC=CC(=O)CC(C)C1=CCCC1,0.0,False
C=CC(O)OC(=C)C(O)=CC(=C)C,0.0,False
CC=S(C)CC(C)=O,0.68651325,True
CC=COC(C)(C)OCC,0.61802584,True
CC=CC(C)(O)OC(C)=O,0.6880662,True
CS(C)(CO)CC=O,0.6056163,True
CC=[SH]CC,0.0,False
CCCC(CC(=O)OCC)C1=C2OC2C(C)=CO1,0.0,False
CCC=COC=C([O])CC,0.0,False
CC1CCC2(OC=O)OC=CCN=C2C2=C=C2C(C)C1,0.0,False
COC1CC(=O)C1,0.0,False
CC=COC(CO)=C(O)OCC,0.0,False
CCOC(=O)C(=O)OC(=O)CC,0.0,False
COCCCC(=O)CC=O,0.73095256,True
CC(=O)OCCCCCC(O)C(C)=O,0.0,False
C=C(CC)OCCCCO,0.68155307,True
C=C(C=O)OC=O,0.0,False
CCO,0.0,False
CCCCC=CC=CC(=O)OC12C=CC1=CC(C)(O)O2,0.0,False
C=C=C(CO)C(C)C,0.7484879,True
COC=C1C=C1,0.0,False
C=C=CC(=C)C=CC(=O)CC,0.77661943,True
C=CC=CC=O,0.0,False
CCC(C)(C)C(C)OO,0.0,False
CNCC(C)(OC)C(=O)N=O,0.0,False
CC(=O)COC(C)=O,0.70735115,True
CCC(C)OC(=O)C=CC(=O)C=CCO,0.0,False
CCCC(C)C(=O)OC(C)C,0.5908615,True
CC(=O)C(=O)C1CCC2=CC1C(=O)CCCCCC2,0.0,False
CCC1CC(C)C1,0.0,False
C=C(C)O,0.0,False
CC1=CCCC(C)OC(C)OO1,0.0,False
CC=C(C)OC(=O)O,0.7027178,True
CC(C)OCC=O,0.7634319,True
C=CC(C)OC,0.0,False
C=C1CC(=O)OC(CO)CCC(C)C(C)=C1C,0.0,False
CCCC(=O)OC,0.6023844,True
CCCC(=O)C(C)OC(=O)C1(OCC)OCC1(C)CC,0.0,False
C=C1CC=C1CC(=O)CCCC,0.0,False
C=NC(=CC(C)=O)SCC,0.5388472,True
CC(C)CCCC(O)(O)OCO,0.0,False
CCCC(C)(CO)OC(=O)OC,0.0,False
CC1(O)CCC2CC23OC=CC2=C(OC(CCC2)O1)O3,0.0,False
CCC(CC(OC)OCO)C(C)O,0.0,False
CC=CC1(O)C2COOC(=O)C(=O)C13CCC23,0.0,False
C=C=C(OCO)OOC(C)C,0.0,False
O=C1CC2C3OC4C5=C6C7=C(O7)C7OC1OC6C74OC523,0.0,False
C=C=C(CC)OC(C)C=C=C(C)CC,0.71030205,True
CC(C)=CC(C)(C)OC1=CC(=O)C=C1,0.0,False
CCOCOC(C=O)(CC)CC,0.7203845,True
CC1=CC=[SH]1,0.0,False
CC(C)=CC=CC=O,0.7755883,True
CCCC(=O)OC(O)O,0.0,False
CCCC1C(=O)C2OC=C3C4=CCC45C(CC3C15O)O2,0.0,False
C=COC(O)OC(C)(CC)OC,0.0,False
COC(C)C1=C(O)OC1,0.0,False
CCCCC(O)(CC(C)CC)OC,0.66264075,True
C=CC1(C)OCC(C)C(OCO)CC(=O)O1,0.0,False
C=C1CCOC(=O)C2(C)C(=C(C)CC2OC(=O)O)OC1,0.0,False
CCCCC(=O)C(C)OCC,0.7520096,True
C=CC(=O)C(OC)(C(C)CC)C(C)(O)O,0.0,False
C=C(C)O[SH](OC)C(O)O,0.0,False
OCC(O)O,0.0,False
CC=C(C=C=S)C(C)=O,0.70357305,True
CCOC(C)C(C)OC,0.74511224,True
CCC=C1C(OC(C)=O)COC1(C)C,0.0,False
CCC(=O)OC(CC)CC,0.60280997,True
CCC=CC=C(OC)OCO,0.5659893,True
CC=C1CC(C)CCC(=O)O1,0.0,False
CC=C(C=O)OC(=O)OCC,0.7054984,True
CCC(=O)C(C)OC(=O)O,0.0,False
CC=CC(C)=C(CO)OC(C)=O,0.75913525,True
C=C(C=C1OC=C=C=C1C)OC,0.0,False
CCCCC(=O)COC(O)CC,0.6980286,True
CC(=O)OOC(C)(S)C(C)=C(C)C,0.0,False
CC=C1COCOC1=O,0.0,False
CC=CC=CC(C)OCO,0.6393653,True
CCOC(O)CCCC(=O)OC(O)=COC(C)C,0.0,False
CC12C3=C=C4C3C1C1C3CC45OC=C3OC3=C(CC312)O5,0.0,False
CC=CC(=O)O,0.0,False
CC1CC(C)(C)C(C(=O)C2OCCCC2C)O1,0.0,False
CCC1CC2(CC(C)=C(C=O)OC2CC)C1,0.0,False
C=C1C=C2OC=CC=CCCCOC1O2,0.0,False
CC=C1CCOC(C)(C)OC1,0.0,False
C=C(C=C(CCCC)OC)OCOC(C)C(C)CCC,0.0,False
CC(=O)CCC(C)C(C)CCC(=O)O,0.68095195,True
CC(O)CNC=C(COC(C)C)C(=O)C(=O)C=O,0.0,False
CCC=C(O)OC(CO)C1C[SH](C)C1,0.0,False
CC(=O)CC=CCCOO,0.0,False
CCCC(C)=C(CC)CC=C(C)OOC(=O)CC,0.0,False
C=CC(=O)OC(=C)CC(C)C,0.6850279,True
C=CCOC,0.0,False
CCC(CCC(O)CC)=C(C)O,0.7472684,True
CCC(=O)C(C)CC=C(C=CC(C)=O)C(OC)=C(O)O,0.0,False
CCCCC(C)(O)CC(C)O,0.7150501,True
O=C1C2OC=CC3=C4C5=C6C(C7=[SH](=C7)C2=S14)C36C=C5,0.0,False
CCCOC(C)C(C)=S,0.7045075,True
C=CC(=O)OC(C=O)CC,0.75364244,True
CC1CC(C)C(OC(O)CCCC(=O)O)O1,0.0,False
CCC(C=O)C(C)O,0.72564995,True
CCCC(=O)C(C)=S,0.6932469,True
CC1(C)OOC2OC(=O)C(=O)C3([Fe])OC2C(O1)C31CO1,0.0,False
CC=C(C)OC(C)CCC(=O)O,0.6905608,True
CC=CC(CC)OC(=O)C(=O)O,0.0,False
CC(C)C(=O)C(C)C,0.6455666,True
CC(O)[SH](C)C,0.56095016,True
CC=CC=C(CCO)OC(=CCCC)OC,0.65164167,True
C=C(CC)C(=O)CC=[SH]C,0.6520949,True
C=C=C(O[OH2+])OOCC,0.0,False
CC=CCC(C)(O)CCCCC(C)O,0.7047395,True
CCC(C)C(O)(C=O)OCC(C)(CO)OC,0.0,False
C=CC(=O)OOC(=O)CC,0.0,False
CC(=O)C(O)(CCC(C)C)CC1(C)CCCOC1=O,0.0,False
OC=COOCCCO,0.0,False
CC(=O)C(=O)N1C(=O)C2(C)OCC(C)C1OC2(C)C,0.0,False
CCC(C)(C)CC(C)=O,0.6736159,True
CCC(=O)C(C)OC=CC1OCCOO1,0.0,False
CC1OC(=O)OC1(C)CS,0.0,False
C=CC=[SH]C(C)C(=O)OCCC,0.5870751,True
CCC(C)C1CC=CC12OO2,0.0,False
[CH2-]C1CCC2CC3CC4CCC(=O)OC3(O1)C4C2(C)C,0.0,False
CC=C(CCO)OC(C)=COCC=CCOC,0.0,False
COC[SH](C)C,0.63488644,True
C=CC=NC(=O)O,0.0,False
CCC(CO)NC(C)C,0.71678305,True
CC=COC(C)(C)CC1CC(C)(OCC)C=C1C,0.0,False
OCCCCCOCO,0.0,False
O=C(CCCCO)OCOCO,0.0,False
CCC(CC)CC1(C=O)CCC1CC=O,0.0,False
C=CC=CC(=O)OC(C=O)(CC)OOC,0.0,False
COC(C)C(C=O)(OC)OC,0.71353424,True
CCCOC(C)(C)OC,0.64538634,True
CCCOC(C)C,0.6892959,True
C=C1C=C(CC)C(C)C1C(C)CCC,0.0,False
CCCC(OC)OC=CCO,0.63761675,True
CCCCCC(=O)S,0.5351011,True
C=C(CC)C(CC)OC=CO,0.6934789,True
CCCC(CC)(C(=O)O)C(=O)C1CC1,0.0,False
CCCC(CCC)OC1(O)OCCOC1C,0.0,False
CC([SH]=CC=CCC(C)C)=C1CCO1,0.0,False
C=C1OC2=CC=CCCCOC(C)(CC2)O1,0.0,False
C=C(C)C=CC(=O)O,0.7773847,True
COCCOC1OC(OC(C)=O)(C2OCC2O)CC1C,0.0,False
CCOC(=O)C(C)=O,0.0,False
C=CC=C(OC(=O)O)C(=C)C=C(C)CC,0.7176049,True
CCC(C)(S[SH](C)C)C(C)=O,0.0,False
C=C(c1ccc(OO)o1)C(C)OC(C)O,0.0,False
CCCCC(C)(O)CC,0.6654521,True
C=C1OC2(O)CC1(O)CC(C)O2,0.0,False
CCC=CC=CC(=O)OC(=O)CC,0.629171,True
CCCOC(=COCCO)OO,0.0,False
CCC(C)(O)OC(=O)O,0.0,False
CCOC([O-])(OC)OC=CCC(C)=O,0.0,False
CCCC(C)C(=O)COOOC(=O)C(C)COC(C)=O,0.0,False
CC1=C(C)C(=O)C(=O)C(C)CCO1,0.0,False
CCC(=O)C(O)=C(C)C(C)=O,0.8084619,True
CCCCCCC(=O)OC=C(C)O,0.6493515,True
CC=CCOC(C)(CO)OC(=O)C(O)(CC)C(C)=CC,0.0,False
CCC(O)(CO)COC=O,0.0,False
CCC(=O)COCC(C)CC,0.75148195,True
CCC(C)(CC)C(=O)C(C)=C1CO1,0.0,False
CC(=O)OC(=O)C(=O)OOC(=O)O,0.0,False
CCCCOC,0.0,False
CCCC=CC(C(C)=C(C)CCC(C)O)=C(C)C(C)=O,0.669962,True
CC1=CC1=CC1(O)OC2=C1C(=O)O2,0.0,False
CCCCCC(C)=O,0.6680189,True
CCCCCCC(=O)O,0.61430436,True
C=C(C)OC(=COC)C1(C)OC(C)O1,0.73393047,True
CCC=CC=C1COC(C)(C(C)(O)OC)OCC1=O,0.0,False
CC=C(C)OCCCC,0.6711425,True
CC1CCOCCCCC(OC(=O)O)C1,0.0,False
C=C(C)CC(O)CCOC,0.7463366,True
CC1C2OC(=O)C=C3C(C)(CC2=O)OC31OC(=O)O,0.0,False
CCCC(C)C(C)(CC=O)C(C)C(C)O,0.6902695,True
CCC(CC)C(CC(C)=O)=C(C)O,0.7425319,True
CCCCC(=CC(C)=O)CC,0.68245083,True
CCNC(CCCC(=O)CC)C(=CO)OC,0.0,False
CC(=O)OC(=O)CC(C)C(C)C(C)=O,0.667523,True
CCCOC(=O)C=[SH]C(C)C,0.62379676,True
CC=CC=C(O)C(OCCC)(OC(=O)O)C(C)C,0.0,False
CCCCC(=COC(C)=O)OC,0.6641926,True
CC(=O)C(C)(C)OO,0.0,False
O=CC=CC=CC(=O)O,0.7896325,True
C=C1C(=O)C=C(C=O)OCCC1C,0.0,False
CC(=O)COC=COF,0.7243393,True
CC=CCNC(=O)CCC,0.6572701,True
CCCCOC(C)CCC(OC)C(=O)C(=O)OC,0.0,False
COCC(O)=C(C)C=O,0.8140087,True
O=C1OC2(OC34CCCC(C3)O4)OOC(O)(O2)C2=CC12,0.0,False
COC(=O)CCCO,0.0,False
CC=CC=CC(C)=C(C)O,0.6785324,True
CC1=COC(=CC(=O)O)CC=C1C1=CCO1,0.0,False
CCCCOCC(=O)C(C)C,0.73628676,True
CCCC=COOC(CC)C(=O)O,0.0,False
CC1=C2C3CCCCCC4COC2C4C(C)CC3CO1,0.0,False
CC=CC(C)=C(C)C,0.68285346,True
COC12CCC(C(C)C)CCC(=O)C(=CCCOO1)O2,0.0,False
CC=CC1=C(C2=C3CC=C32)C(=C2C=C2)CO1,0.0,False
CC(CCC=O)C(=O)OCCCCCO,0.0,False
CCCCC(CC)COC(CCC)=N[SH]=O,0.6171833,True
C=C(O)OC(C)=CCS,0.0,False
CC(C)C(=O)F,0.0,False
C=C(C)OC=CC(=CC)C1CCC1,0.0,False
O=C1OC2=C3C=C4C5OC(=C2CC(O)C35O1)C41CCC1,0.0,False
CCCCOC1=CCC(CC)C(C)(O)C1C(O)(O)CS,0.0,False
COCCCC(C)=O,0.7475506,True
CCC(C)(C)O,0.0,False
CCC(C)CCCC(C)O,0.69419986,True
C=CC(C)CC=C(O)CCC,0.6562952,True
C=C(C)CCC(C)COCCCC(=O)OC(=O)OCC,0.0,False
C=CC=C(C(C)=O)C(C)=CC,0.7687278,True
CCOC(C)OC(C)=CC=C[C-](C)C,0.71701044,True
CC(CC(=O)OCCO)C(=O)OC1(C)OC1C,0.0,False
CCCOCCOC(C)(CCC)OC(C)(C)O,0.0,False
CCC(C)=COC(O)(OC)C(C)CC,0.5906167,True
CCCC(=O)F,0.0,False
C=C(CO)C(C)=CO,0.8162407,True
O=CC(=O)C(=O)O,0.0,False
CCCCC1(C)OCOC1(C)C(=O)OC,0.0,False
CCCC(C)CN,0.70763546,True
CC=CC=CN=C(C)C(C)=O,0.7375738,True
CCC=C(O)OC,0.65337473,True
C=CCCOC(C)=O,0.6422909,True
CCCCCC1(O)OOC(CC)(CC)CC=CCC1=O,0.0,False
CC1=COC23OC(C)OCC(S2)C1O3,0.0,False
C=CCCC(COC(=O)CCC)OC=C(C)C=CC,0.6594429,True
CCCC(C)=CC(=O)OCO,0.65255225,True
CC(O)(O)OC(C)(O)CO,0.0,False
CCC(=O)OC(O)(CC)CCC(C)CC,0.6054549,True
C=C1CC(=CC)CC2=C1C(C)CC=CC2,0.0,False
C#CC(=O)O,0.0,False
CCOC(=O)C(=O)C1(O)CCC2OCCC(C)OC2C1,0.0,False
CC(=CC(=O)C=CO)OC=O,0.0,False
C=NC=C=C(O)OC(C)=CC,0.7183704,True
CC(CCCCCO)C(=O)OC1(C)OCC(C)(O)C1C,0.0,False
C=C(OO)OC(CCCCC)C(=O)OOCCO,0.0,False
CC=CC=C1OC1=CC,0.0,False
C=C1OCCCCC=C(O)C(OCO)O1,0.0,False
CCOC(OC)C(=O)OC(C)OC,0.0,False
CC(C)CC(O)OCC(CO)C(C)C,0.0,False
CCCCC(C)OC,0.63091254,True
O=COCO,0.0,False
CCCOC(CCO)C(=O)OC(C)C,0.0,False
CCCOC(O)CC(=O)C=O,0.0,False
CCCCCC(C)N,0.71585214,True
CC=C(O)CCOC,0.70811933,True
CCOC(=CCO)CC,0.6702756,True
CC(=O)C(C)=C1C=C1,0.0,False
CC=CC=C(C)C(=O)C(=O)C(=O)O,0.0,False
CCC1CS(O)(C2CCC2)C1,0.0,False
CC1(C)CC2OC(=C3N=C(O)O3)C3C1=C1C=CC4=C2C143,0.0,False
CCCCC(O)CCC,0.7173989,True
CCC(C)C(C)OC=O,0.5993134,True
C=C(C)CCC(C)C(C)CC(=O)CC(=C)O,0.69623107,True
CCC1CCCC(=C=O)N1,0.0,False
C=[SH](O)(CS)C(C)C,0.0,False
C=C(C)C1(C)OCCC1(OCC)C(C)C(=O)CC,0.0,False
CCCOCCCC(C)OCCC(C)CC,0.0,False
C=CC(O)=C(OC=O)C(C)=CC,0.83058894,True
COC1=C(O)OC=CC=CCS1,0.0,False
CCC=COC(C)=C=O,0.83187634,True
C=CCC(C=O)C(OCC(C)=O)C(=C)C,0.7745204,True
COCCCC1CCC(C)CC1O,0.0,False
COC(C)CC=C(C)C,0.67017674,True
CCCOOOC(=O)CC,0.0,False
CC(C)(O)CCC=C=CC1=CC(=O)CO1,0.0,False
CC1=CC2CC(O)C(OC(=O)O)CC(O1)C2C,0.0,False
CCC=CCC(=O)OCCO,0.65000075,True
CCCC(C)C(C)OC(C)=COC,0.6716524,True
CCC(C)=C(C)C(OC=O)=C(O)S,0.0,False
CCCC1=C2C=C1C(C)(C)C(=O)C=CC(=O)C(C)C2=O,0.0,False
CC(C)C(C=O)=CC1=C2C(=O)CCCC(=O)CC2=C1,0.0,False
CC=C=O,0.0,False
CCCC(CO)CO,0.71942395,True
CC(O)(O)C=C(CS)COCO,0.0,False
CCC1=CC=CC(=O)C1=O,0.0,False
CCC(CC(=O)O)OC(C)C,0.6667912,True
C1C2=C3OC4=C5C6OC7(C12)C3C6C1OC7C2(CC2)C4C51,0.0,False
CC=C1OCC2CC(=O)C(C)(O)CCCC(C)C2O1,0.0,False
CCCC(O)(O)C(C)O,0.0,False
O=C(O)C(=O)OO,0.0,False
C=C(C(C)OOC(=O)C1=CC1)C(CCCC)OC(C)C,0.0,False
CC(C)C(O)C(C)C1(C)C2C(C)C21C,0.0,False
CCCOC(CCCO)C(C)CO,0.0,False
CCOC=C(CSC)C(C)=O,0.59232897,True
COCC(O)CC(=O)CO,0.0,False
CC(=O)OC(C)=O,0.71565515,True
CC=C(C=C(C)O)OCC(C)=O,0.79009646,True
CCCCC(C)(O)CCC(=O)O,0.6582775,True
CCCOC(C)(OC)C(=O)OCC,0.6773551,True
C=CC(=CC)C(C)OC(=C)OC(=O)O,0.67748994,True
COC(C)CCC(=O)OCC(=O)O,0.0,False
CC(C)CCC(=O)CC=C1[CH-]O1,0.0,False
CCC(O)C(OC(C)=O)C(C)C,0.720334,True
CC12COC34CC5CC16CC1(OC53CC14)C6OC2=O,0.0,False
CC(C)=C(C=O)OO,0.0,False
CC=C(O)C(C)=C1C2=C1OC2,0.0,False
CC(=COCC(C)O)C(CC(=O)O)=C1CCC1,0.0,False
CCC(C)=C(C)OCCOCCCO,0.7526967,True
CCCC(=O)C=O,0.0,False
CC=C(OC)C(=O)[SH]=O,0.0,False
CC=C1C(=O)OC2CCCC12C,0.0,False
CCOC(=O)CCCO,0.65698934,True
C=C(CCCC)C(C)C,0.6357362,True
CCCC(C)OC(CCC(C)=O)CC(C)C,0.72822636,True
CCOC(=O)OC(C)CC,0.59302104,True
CC=CC=CC=C(C)C(=CC(=O)O)C(=O)C(C)=O,0.0,False
C=C(C=C(C)C)CSC=CC=O,0.6150266,True
CCCOC(C)(C)O,0.6811068,True
CC(C)=CC=C(C)OCO,0.6660834,True
CC=CC(O)OCCO,0.0,False
CC=CC(=O)OCC(O)C1CC1,0.0,False
CCCC(=O)OC(=O)CCCCCCCCO,0.0,False
CCCCC(C)C(=O)O,0.6159208,True
CCC(=O)C1(C[SH]=O)CC1C(C)O,0.0,False
C=CCOC(=C)CC,0.6524067,True
CCC1COCCCO1,0.0,False
CC12OC3=C4C5C67OC1OC1=C8C6=C6C3=C1C5(C47)C86O2,0.0,False
C=CN(C)C(C(C)=O)C(=O)CCC,0.76279116,True
CC=C(CC)OOC,0.0,False
CC=CC(C)(COC)C(=O)O,0.63718605,True
CCOC(=O)CCC(C)O,0.6696491,True
CC(O)C1=CC=C1O,0.0,False
CCC(O)=C(O)C(=N)C=O,0.0,False
CC(C)C(C)C([O-])C(=O)C(=O)O,0.0,False
CCC1(OCC(=O)C(C)=O)OC=CC2CC21C,0.0,False
CC(=O)C(O)=C(O)O,0.0,False
CCC=COC(C)C,0.6317147,True
CC(O)C1(CC(=O)O)COC(C)(O)O1,0.0,False
CCC(O)OO,0.0,False
C=CC(CC=O)CCCC,0.5941964,True
C=C(C)C=C(O)C(C)=O,0.84328884,True
CN=S,0.0,False
CCOCC(O)(OCC)C(C)O,0.0,False
C=C(CC)C(=O)OC(C)OC(=O)C(=C)CCCCCC,0.6133313,True
CCC(=O)OCC=CC(=O)C(C)=CC(C)O,0.0,False
CCCOC(CC)OC(C)OC,0.64599174,True
CCOC(=O)C(C)CC(=O)O,0.0,False
C=C(C)C1C2COC1(N)CC2C,0.0,False
CC(=O)CC(=O)O,0.0,False
CCCC(C)C(O)[C-]=O,0.7204604,True
CCCCOCOC(C)CCC(O)OC,0.0,False
CCOC(=O)OC,0.6037254,True
CCC(C)C(=O)OC(C)C,0.59426665,True
O=CC1OC(=O)C(=O)CC=C(O)COC1=O,0.0,False
CCOC1CCOC(OCCC2C=C(C)C2)CC1=O,0.0,False
CCC(=O)OCC(C)CC,0.599981,True
CC=C(C)COC,0.697596,True
CC=CC=CC=CO,0.59184253,True
C=C1C=C(C)C=C(C(C)=C=O)OC=CC2=CC12,0.0,False
COCC(OC)C(C)O,0.0,False
O=C(O)CC(O)C(=O)OCCO,0.0,False
O=COCC12CCC3C=C4CC(C1)C42C1C(=O)OC1C3,0.0,False
O=CC1=[SH]SSCCC=C1,0.0,False
CC(=O)C(C)CO,0.7078578,True
CC1=CCC(O)(CC(=O)OC(=O)O)O1,0.0,False
CC=C(OOCOC)OC(C)C,0.0,False
CCCC(=O)C(C)=O,0.0,False
CCC=C(CO)C1=CO1,0.7957859,True
CC=C(O)CCC(C)(CCCC)OO,0.0,False
CCOC(O)C(C)(C)CC,0.66356796,True
CCCC(=C(O)OCC)C(C)O,0.0,False
CCC=C(OC)OC(C)=O,0.63895255,True
C=C(C)N,0.0,False
CCC1(C(O)=C=O)CCC(C)CC12OC(C)(C)O2,0.0,False
CC(=O)OC(C)(CC(C)C(=O)O)C(=O)CC(C)O,0.0,False
CCCOCCCOC(C)=O,0.64897376,True
CCC1=C2C=C(C2)OC1CC,0.0,False
CC(=O)CC1=CC(C)=CC(=O)CC1,0.0,False
CCCCC(=O)O,0.6185796,True
CC(=O)C1OC1CO,0.0,False
CCCC(C)=C=O,0.0,False
CC1CCCC(C)(OC(C)(C)O)OCCC1(O)O,0.0,False
C=C(C)C=C1C=CC(C2=CCO2)=C1,0.0,False
CCOC(C)C(OCC)C(C)CC,0.757372,True
CC(=O)C1=COC(=C(C)C=CO)C1=O,0.0,False
CCCC(=O)OCC(C)OCCCOCC,0.6800728,True
CCOC(C)=O,0.0,False
C=C(O)C(=O)OC(C)=C(C)C,0.76632595,True
C=CC(C)C(=O)OC(=O)CCC,0.62469393,True
CCOC(CC)C(C)=C(C)C,0.7176789,True
O=C(O)CC(=O)C(=O)OS,0.0,False
C=C(O)C(=O)N(C)C=CC,0.7055853,True
CC=C(C=O)CCC,0.7177733,True
C=CC(=CC(=O)CC(C)=O)OO,0.0,False
COC(O)CCO,0.0,False
CNCCC(=S)OC=O,0.0,False
C=CC1=CC=CC=C(OC(C)=O)C=CC1=C,0.0,False
C=C(C)C(OC)C(C)=C(O)OCC,0.6664641,True
CCCCCC(=O)OC,0.58885586,True
C=CC(=CC(=O)O)CC(C)(C)O,0.73859817,True
CCCCCC1CC2CCCC1CC2C(=O)OCCC,0.0,False
CC(=O)COCCO,0.0,False
CC(C)C(C)(CCO)CC(=O)O,0.64598006,True
CC(CCO)C(C)(C)C,0.69056445,True
CCC=CCC(C)CC,0.58487695,True
CCC,0.0,False
CCCC=CCC1(OOCC)C=C(C)OO1,0.0,False
CC(C)CC=COCO,0.59830564,True
CCC(C)COC(C)C(=O)O,0.7078009,True
C=C1C(=C)C(C)(S(C)=O)C=C1CO,0.0,False
CC1=C2COC3(CC4C5CC6(CC46)C5C3C)C([OH2+])(C1)O2,0.0,False
C=NCSC(SCC)C(C)=CC(C)(C=O)CO,0.0,False
C=C(OOCC(C)=O)C(=O)SC(C)CC,0.0,False
CCOC(=O)OCCCCO,0.0,False
CC(C)C(=O)OCCCCO,0.628488,True
CCCOC(O)(O)C(C)OC,0.0,False
CCOC(C)=C(C)C(C)(CC(=O)O)C(=O)O,0.0,False
C1=C2CCC3OC4CS5(C4OO2)C2(O3)C3=C4C=C1C35C42,0.0,False
CC1=CC1C1(C)C=CC=C=[SH]C=C1,0.0,False
C=CCC(C)C(=CC)C(C)C,0.6036581,True
C=C(C=C1OC1=O)C(C)=O,0.0,False
CC=C(C)CC(=O)OCC1=CCN1,0.0,False
CC(=O)OCOCCOCCN,0.0,False
C1=C2CCC34CC5C(=CCCCC3(CO4)CC5C1)CO2,0.0,False
CC=C(C)C(C(=O)O)C(C)C,0.6919842,True
CC=C(C)C1OC(C)CC(CC(C)C(C)(C)C)C1=O,0.0,False
CCC1OC2C(=O)CC(=O)C(=C3CCC31C)COC2=O,0.0,False
CCC1(C2OC3CC(C)(O3)C2C)CC2=CC1COCC2,0.0,False
CC12OCC=CC=CC1OO2,0.0,False
C=CC(C=C=O)=CC(=O)O,0.82327783,True
CC(=O)C(=O)COCO,0.0,False
CCCOc1ooc1COC(CC)SO,0.0,False
CC=C1COCC(C(C)C)=CO1,0.0,False
CCOC(=O)C(=CCCCOC)OC(C)CC,0.6647255,True
CCCCC(C)=C(O)C(C)=CC(C)=C=O,0.74235046,True
CCCOC(C)=CC1C(=O)COc2occc21,0.0,False
CCCCCC(C)C(=O)OCCC,0.5920744,True
C=C(CCC)C(CC(=O)OCOCC)=C(C)N,0.0,False
CCC(C)N=CC(C)=O,0.77424955,True
CCC(CO)C(O)C(=O)C(=O)CO,0.0,False
CC1CCOC23C(=O)OC2=C(C=C(O)CC1)C3C,0.0,False
CC(=O)C(C)=C(O)C(C)=COCO,0.0,False
C=C1C2=C1C(OOC)=C2,0.0,False
CCC(COC(C)CS)C1COO1,0.0,False
CC(=O)C(=O)C(C)=O,0.0,False
CCC(O)C1C(C)=C(C)C1OC(=O)C1(C)CC(O)CO1,0.0,False
CC=COC=O,0.0,False
C=C(CCC(=C)C(=O)C1(OC)CCCO1)COC(C)=O,0.0,False
C=C(C)C(=O)C(=C)[CH-]CCCC=O,0.81913596,True
CCCOC(=O)OC(=CC=O)OC(=O)O,0.0,False
CC=C(C)C(C)=CCC(=O)C(C)=O,0.0,False
CCCCCCCOOC,0.0,False
C=C(C)COC(CC=C=O)CCC,0.75710726,True
O=CC=CC=C(O)S,0.0,False
O=COCCOC(=O)O,0.0,False
CCOC(O)=CC(C)(C)CC,0.6314968,True
CC=C(C)C=CC(=O)C(=O)CS,0.0,False
CC1CCCCCC(C)(O)C(=O)COC1OCCC=O,0.0,False
CCCCC(C)C(C)=O,0.65593255,True
CC1CC1C1(O)C(=O)CC2OC(C=CC1C)C(=O)C2=O,0.0,False
CCOC(O)(CCC(C)OC)OCC,0.0,False
CCC(=O)C(CC)CC(C)=O,0.7212865,True
CC1=CC(=O)OCCC2=CC1OC(O)C2,0.0,False
C=C=C(C(=C)O)C(O)=S,0.0,False
COC1(C)OC2=C(OCC1(C)C)OC1=C(C2)O1,0.0,False
CCC(C)=O,0.0,False
CC(C)(C(=O)C=S)C1=CC1,0.0,False
C=C(O)C(=O)OCC,0.71553314,True
CCCC(CC)(CCC)C1(C(=O)O)OC12CO2,0.0,False
O=C(O)CCO,0.0,False
CCCC(C)(C)C(=CCC(=O)O)CSC,0.6103479,True
COC(C)(OC(C)(C)O)C(C)=O,0.0,False
CCC=CC1=C(C)CC(=CC=C2C=C2)OC1=O,0.0,False
COC(=O)C(C)C(C)(C)CC(C)C(C)=O,0.6370474,True
CC=C(C(O)OC(=O)CCC)C(CC)C(OC)OC=O,0.0,False
C=CN1CC2=C3C=C2C2=COC31C=C2,0.0,False
CC12OC3=C4c5c1c1c5c5c6cc7c(oc5c61)=C(C342)C7,0.0,False
C=CCOC(CC)OOC(C)=O,0.0,False
CC=CCCC(N)[SH](O)CC,0.0,False
CCCC(=O)CC,0.6669967,True
CC[SH]=CCC(O)(O)C(=O)C=O,0.0,False
COCC(C)=O,0.0,False
CC=C(C)C(CCCC)C(CO)OCOC,0.71426684,True
C=CCC(=O)OC(C)OCC,0.64012945,True
CCCC(C)CC1(C(C)(C)OC2C(=O)CC2C)OC1C,0.0,False
CCCC1COC(=O)C(=O)C(=CC(=O)O)C(=O)C(=O)C1,0.0,False
CCOOCC(O)OCC1CC1,0.0,False
CCC(C)CC(C)CC(C)O,0.69399834,True
C=CC(=C)C12COC(=O)C(OOC)COC(=CCO1)O2,0.0,False
COc1ooc(=O)ooc1O,0.0,False
CCC1(C)C(C(C)C)=C(OC)C1OC,0.0,False
CC=C=C(C)OSO,0.64232576,True
CCC(=O)C(=O)OC(C)(O)CO,0.0,False
CC(C)O,0.0,False
COC(CCO)(COCCC(C)C)C1(C=O)CCOC1,0.0,False
CCC(O)C(O)(OC1C=C1)C(C)=O,0.0,False
CC12C(=O)C=C3OCC4CC1SCCC3COC42,0.0,False
[C-]1=C2C=C3OC(=Cc4ccc3c(c4)OCC13CC3)CC2,0.0,False
CCC(C)C(C)(O)CCO,0.71125823,True
CCOC(=O)C=CC(=O)CC1CCC1,0.0,False
CN=C(C)C(C=O)=C(C)C,0.79367226,True
C=C(C=O)COC,0.72314894,True
C=C1OC=C(C(C)(C)C(=O)O)CCCO1,0.0,False
CCC1CCCOC2COC(C)(C2)OC1C,0.0,False
CCCC=CC(C)=O,0.7279203,True
O=CC=CC(=O)C(=O)C=CO,0.0,False
CC(=O)CCC(C)=O,0.760876,True
CC(CC=O)=C(OC=O)OC=CCO,0.0,False
O=C(O)C(O)CCCCO,0.0,False
CCOC(C)(C)C,0.6452675,True
C=C(C)CC(=CC(=O)CO)C(=O)C(=C)O,0.0,False
CCC(=O)OC(C)CCCO,0.64626765,True
C=C(C)OC(CC(CC)C(=O)OC)OC(=O)CCCC,0.0,False
COCCC1(O)OC=C1O,0.0,False
CC(O)(O)CO,0.0,False
CC1OOC(O)(C(C)C)O1,0.0,False
COC(C)C,0.0,False
CC1(C)c2oc3oc(=CO)c(=O)ccc1c1c4c(c2-4)c1=3,0.0,False
CC(=O)OC(=O)CCCC(C)O,0.0,False
CCC(=O)OC(=O)OC(=O)OC=O,0.0,False
CC(O)=CC1=CC2(CCCCCC3CC2C3C)N1,0.0,False
CCOC(O)=C(OC)OCCO,0.0,False
N=CCS,0.0,False
O=C1OCCCCC2C3=C4C5=C3OC1=C1C4C12CO5,0.0,False
CC1OC2=C(O)C(C(C)(C)O)OC2=CC=C[CH-]CC1=O,0.0,False
CCC=C(OC)OC(=O)CC(=O)C(=O)OCCC,0.0,False
CCCC(OC(C)=O)OC(=O)O,0.0,False
CCC(C)(OC(C)OC(C)O)C(O)S,0.0,False
C=CC1=C2CC(=C=CCOC(C)C1(C)CC)OC2(C)C,0.0,False
CC1=C(OC(C)(O)OO)CC12CO2,0.0,False
CC(=O)OC(C)=O,0.71565515,True
C=CC(C(=O)OC)C(=O)OC,0.6132116,True
CCC1=CC=CC(=O)C2CCC(CC)C(C(=O)O1)C2C,0.0,False
COCCCCOC,0.6878315,True
O=C(CC(O)CS)OCO,0.0,False
CCCC(=O)C(=O)COC(=O)OCC,0.0,False
CC(O)C(C)C(C)OCC1CCC1C,0.0,False
CC(=CC1=CC=CCC1)C(C)OOC(=O)C=O,0.0,False
CCOC1OC=C2COCCCC(C)C1OOC2=O,0.0,False
CCC(O)OCC(O)CS,0.0,False
CCC(=O)CC(O)(CC)C(C)(O)C(C)C,0.0,False
CCC(O)=COC(=O)OC,0.0,False
CCCCOC(C)OC(C)=CCC(=O)OCC,0.6364354,True
COC12CCC3=C4OC1CC3=COC2O4,0.0,False
CCCOC(C)(OC)OC(C)=C(O)O,0.0,False
O=C1OC2CC34C5=C(CO2)CC2[C]6C(CCC2=C5C63)C14,0.0,False
C=C(C)CCOCC(C)C,0.71942836,True
CC=CC=C(C)OC(C)=O,0.6945651,True
CC1OCSCCCC1(C)O,0.0,False
CCC=CC1=C(C)C(C)C2CC=C2C(C)(CCC)C1C,0.0,False
COC1CCCCC2OC3(CC2C=[C]C2CC=C3C2)O1,0.0,False
CCOC(=O)C(C)OOC=O,0.0,False
CC(=C=CO)C=CC(=O)C=O,0.0,False
C=C(O)OC(O)C(C)=NCC,0.0,False
COC1C(=O)OC2C3COC1COCC(C)C32C,0.0,False
COC=CC(C)=CC=O,0.7888588,True
C=C1OC2(O)C(C)=C(OCC)C3CC1CC32,0.0,False
CC1CCC(O)(COS)C(C)C(C)(C=O)C1,0.0,False
CCC[C-](C)C(=O)OC,0.6191927,True
C=C(O)C(C)CCCC,0.6691557,True
O=O,0.0,False
OC(O)=C1CCCOc2cccc(c2)O1,0.0,False
CC=CC=C(C)C(O)(CCC)C(CC)C(C)C,0.6712192,True
CCC(O)(O)C(C)OC,0.0,False
CCC(O)COC(C)O,0.0,False
OC1=CC1,0.0,False
CCC(O)OC=CC(=O)OC,0.0,False
CCOC1CCCC=CO1,0.0,False
CCC(C)C1CC(C)C(C)OO1,0.0,False
CCC(C)(C=O)CN,0.7030932,True
C=C(C)C=C(C)CCC(=O)COCC,0.7218384,True
COC(C)OCC=O,0.6839287,True
COCCC(C)OC(C)=O,0.6367388,True
CCC(C)OC(C)CC(C)O,0.7281058,True
C=COC(C=O)(OC)OC,0.62906575,True
CCCCOC(=O)CCC,0.61011606,True
CC(O)CCC(C)(C)OCCOCO,0.0,False
C=C(CC=C(O)OC(C)(C)O)CC(C)=O,0.0,False
C=CC(CCO)=C(C)CO,0.76815075,True
CCC(OC)C1(C)CC(C)CC1(C)C1COOC1=C=O,0.0,False
C=CCCOC(C)=C1OC1CO,0.0,False
C=CC(=O)C(C)OC(C)(CC)OC,0.746948,True
C=C(C=O)C=CC=C(C)C=C(C)SC,0.64989674,True
CC(C)OC1=C=CC(C)(C)C2=C1C=C2,0.0,False
COCC(O)=C(O)C(C)O,0.0,False
CCOC(C)(O)OOC(=O)O,0.0,False
CC=C(C)OCC(C)C(C)O,0.73194337,True
CCC(CC)OC(O)CC(CC)C(=O)O,0.0,False
COC1=C(O)C=CC=CC(C)(C2=CC2)O1,0.0,False
CCC(=O)OCCCC(O)C1C(C)CCC(C)C1OC,0.0,False
OCCCO,0.0,False
CC(S)=CC(C)C(C)(C)C,0.56948626,True
CC=CCC(=O)O,0.6906553,True
CCCCC(O)COC(=O)C(C)C,0.6585933,True
CC1CC23CCCC(=O)OC(=O)OC2(O)CCCCC13,0.0,False
CCC(C=O)=CC=O,0.85006696,True
CC(C)C1=CC(=O)C2(C)CC3=C2C(C=C1)OCCOC3,0.0,False
CC=COCOCCC,0.60778123,True
CC1CC(C)C2C(O)=CCC1C1CCC2(C)O1,0.0,False
C=C(O)OCO,0.0,False
COC(C)=C(O)C(=O)CCCC(C)=O,0.0,False
C=CC(C)(OCC)OCOC,0.6632684,True
CC(C)CC(=O)O,0.63024634,True
C=CC1=C(C)SS1(C)C,0.0,False
CCCOC(=O)CC(=O)CCC,0.62511873,True
C=C(C=CCCC)OCCC,0.63164544,True
C=CC1=COCC(=O)CC(=O)C2CCC(C)C1C(=O)O2,0.0,False
CCCOC(=CS)OCOC,0.0,False
C=CC(=O)CNC,0.0,False
CCOCC1=[SH]C1,0.0,False
CCC(=O)OC1=NC(C)=C=C(C)O1,0.78053695,True
CCC1=CC(C)C(C(C)(C)C(C)C)O1,0.0,False
CCCC(=O)C(=O)O,0.0,False
CCC1(O)C(C)OCCOC1C,0.0,False
C=C(COO)C(=O)CC,0.0,False
C=C1C=C(C)CCC(C)(OC(C)=O)OC1=O,0.0,False
CC=C(C=O)C(C)=O,0.8071662,True
C=C1COC(=O)COC1(C=O)OC1=CCOC=C(C)C1,0.0,False
C=C(C)COC(=O)C=C(C)CC,0.6784693,True
OCCOCNCS,0.0,False
COC(=O)CC(C(C)C)C(C)C(O)C(C)(OC)OC,0.0,False
CC(O)=COCC(C)C,0.70999306,True
CC=C=CCC(C)CN=CCC,0.6493492,True
C=CCOCCC(C)(O)OC,0.675564,True
CCC(=CC=O)OC(C)=O,0.7164586,True
O=C1OC2=C3CC4=CC=C(C3)C(=C2)OC(=CON4)C1=O,0.0,False
CCCC(OC)(OC)C(C)CCOC=O,0.646662,True
CCC1=CCC=C(O)C=C(O)[CH-]1,0.0,False
CCC(O)(CO)OC,0.0,False
CCC(C=O)CC,0.645813,True
CCC(=CC=C(O)S)CC,0.5545392,True
C=NC(CCC)(OCC(C)=O)C(C)=O,0.7771278,True
CCCOCC(O)C(=O)O,0.0,False
COCCC(C)=C=O,0.8209414,True
C=C(N)OCC,0.0,False
C=C(C)C(=CC)OC(C)C,0.70132214,True
CCOC(O)=C(C)C(C)OCO,0.0,False
CC(C1=CC1)C1CCOC1(O)O,0.0,False
CCCC(O)OC(=O)OOC(O)CC=COCCCO,0.0,False
CC(=O)COC1CCC(=O)OC23CCC(C)C2(CC1)C3,0.0,False
CCC(CO)C(O)CO,0.0,False
CC(=C(O)C(C)C)C(C)(C)C,0.6823914,True
CCCOC1=C(C)CCCOC=C(O)OO1,0.0,False
CC=C(OC(=O)OC)C(C)=O,0.7112665,True
CC(C)C(O)(O)CCCO,0.0,False
CCCCC(=O)CC(C)CO,0.7296647,True
CC(=O)C(=O)SCC(C)C,0.0,False
COC1(O)CC2=CCOC(C=O)=CC2=C2C=CC(=C2)O1,0.0,False
CCONC(=O)C(C)O,0.0,False
C=C(C[SH](CCC)OC1=CC1(C)O)OC,0.0,False
CCCC1(C)CCC2C=C(C)OC21OCC=O,0.0,False
CCC(C=O)C12C(=O)CCOC1CC2C(C)=O,0.0,False
CC=C(C)OCO,0.6689276,True
CCOC(COC)OC=CC(C)=C(C)O,0.0,False
CCCC(O)CO,0.75751925,True
CCSC(C)=O,0.46710405,True
COC1(C(C)C=O)OC=C(C)O1,0.6664137,True
CCC1=C2C3C(=O)C(=O)C4C2(C)CC14CCCCC3C,0.0,False
CCCCOC1(OCC)OC(C(=O)O)OC1O,0.0,False
CCCCCC(C)(O)CC1(O)C2=CC1=C(C)CCC2=O,0.0,False
O=C(O)CCC=CCO,0.66969347,True
C=C(OCC)OC(C)C,0.59822285,True
CC(C)C1CCCO1,0.0,False
CCCCC1COC(C2COC(C)(C)O2)C1,0.0,False
C=CC(=C(C)OC(=O)CN)C1(CCCCC)COC1,0.0,False
C=C1CC=C(CC(C)C=O)C1=C1OCC(C)(C)C1=O,0.0,False
CC(=C=O)CO,0.0,False
CC(O)(O)CCCCCOO,0.0,False
CCC(C)=CC(C)C,0.6343243,True
CCCCOC(=O)C=COC(=O)OCCC,0.0,False
CCCC(CC)CCCC(C)OC(C)OCC(C)CC,0.0,False
CCC(C)C(C)(C)OC,0.6443542,True
CCSSCC=O,0.0,False
CC=C1CCOC(OC)OC1,0.0,False
CCCCCC=CC=O,0.58278465,True
C=C(OCCC)C(=O)OC,0.6703694,True
CCC1(C)CCCC(C(C)O)C(O)(C=O)O1,0.0,False
Cc1c(O)c(=O)oc(=O)c2ooc12,0.0,False
CCOC(C)=C(C)C(C(C)=O)=C(C)CC(C)=O,0.7417223,True
CC1=NC23C(=O)C4C5CC6C1=C1C2=C2C63C3CC26C14C536,0.0,False
CCC(=O)C(C)C(C)OC=O,0.63514435,True
CCCOCCOC,0.74267554,True
CC(=O)OOC1=C(C(C)C)C2=C(C)C(=C2)O1,0.0,False
C=C(C)CCCCO,0.7026341,True
COC(=O)C1=CC(O)=COC(=C(C)C(C)=O)OOC1O,0.0,False
CCOCSC=N,0.45464525,True
CCC(C)C=[C-]OC(C)=O,0.69022983,True
CCOC(=O)C(=O)C(C)C,0.0,False
CCCCCCOCC(O)O,0.0,False
COC(=O)C(C)=O,0.0,False
CCC(COC)C(=O)C(=O)O,0.0,False
CCS,0.0,False
CCCOC1=CC=C1C1=C(C)C(C)OC1,0.0,False
COC(C)=CC=C=C(C)C,0.7013927,True
CCCOC12CC(C)=C(C=O)COC(O1)C1=C(C1)C2=O,0.0,False
CC=CC(=C(O)OO)C(C)OC(C)CC,0.0,False
CC(=O)CC=C(C)CC(=O)CC(C)C,0.72222865,True
C=C(C)C(C)(O)CCCC(C)=O,0.7119029,True
CC(C)C(=COC(C)(C)O)C(=O)O,0.0,False
C=C(SC)C(=O)OO,0.0,False
CCCOC1(C)OC1=O,0.0,False
C=C(O)OC(=C)[C]C(C)[Na],0.0,False
C=COC(=O)C(C)(CO)CC=O,0.0,False
